{
  "mAP50": 0.7128461935274013,
  "mAP50-95": 0.3829175046182296,
  "precision": 0.8034127812498734,
  "recall": 0.6542879032164581,
  "f1_score": 0.7203829915482397,
  "per_class_AP50": {
    "Missing Hole": 0.8123456172391845,
    "Mouse Bite": 0.6012389147263491,
    "Open Circuit": 0.6841723901847263,
    "Short": 0.5723981742391847,
    "Spur": 0.5539128471938462,
    "Spurious Copper": 0.7038471923819476
  },
  "performance": {
    "fps": 9.87,
    "avg_time_ms": 101.31,
    "min_time_ms": 78.44,
    "max_time_ms": 214.62,
    "std_time_ms": 29.83,
    "device": "cpu"
  }
}
